client_id,loan_type,loan_amount,repaid,loan_id,loan_start,loan_end,rate,scaled_loan_amount,normalized_l1,normalized_l2,binarized_loan_amount,standardized_loan_amount,loan_type_encoded
46109,home,13672,0,10243,2002-04-16,2003-12-20,2.15,0.9098667776852624,1.0,1.0,1,1.3650296152793495,2
46109,credit,9794,0,10984,2003-10-21,2005-07-17,1.25,0.6407854565639746,1.0,1.0,1,0.4346474230724584,1
46109,home,12734,1,10990,2006-02-01,2007-07-05,0.68,0.8447821260061061,1.0,1.0,1,1.1399913233015093,2
46109,cash,12518,1,10596,2010-12-08,2013-05-05,1.24,0.8297946155981127,1.0,1.0,1,1.0881701387948852,0
46109,credit,14049,1,11415,2010-07-07,2012-05-21,3.13,0.9360255342769915,1.0,1.0,1,1.4554767752747073,1
46109,home,6935,0,11501,2006-09-17,2008-11-26,1.94,0.4424091035248405,1.0,1.0,1,-0.2512635329666086,2
46109,cash,6177,1,11141,2007-03-12,2009-04-26,9.48,0.3898140438523453,1.0,1.0,1,-0.4331175045222619,0
46109,home,12656,0,11658,2006-05-26,2007-10-15,4.14,0.8393699694698863,1.0,1.0,1,1.1212781177852285,2
46109,home,11062,1,11611,2012-09-12,2014-03-14,5.48,0.7287676935886762,1.0,1.0,1,0.738856969157641,2
46109,other,4050,1,10828,2003-12-06,2005-08-19,4.26,0.24222869830696644,1.0,1.0,0,-0.9434122241777692,3
46109,other,1618,0,11661,2006-08-28,2009-04-23,6.49,0.07348043297252291,1.0,1.0,0,-1.5268803756597598,3
46109,home,8406,0,11259,2011-10-22,2013-06-11,0.5,0.5444768248681655,1.0,1.0,1,0.1016483300391513,2
46109,cash,9057,1,10856,2005-06-17,2007-03-01,0.86,0.5896475159589232,1.0,1.0,1,0.2578316222327269,0
46109,credit,3524,0,11867,2005-09-18,2007-08-27,5.98,0.2057313349986123,1.0,1.0,0,-1.0696064049670484,1
46109,other,10853,0,11961,2013-11-26,2015-08-06,2.82,0.7142658895364975,1.0,1.0,1,0.6887151748896574,3
46109,credit,7339,1,10328,2001-09-24,2003-08-31,1.29,0.4704412989175688,1.0,1.0,1,-0.15433872490792266,1
46109,credit,11953,1,11307,2013-05-15,2015-03-15,3.3,0.7905911740216487,1.0,1.0,1,0.9526193552474655,1
46109,other,10067,1,10422,2004-04-05,2006-10-13,3.12,0.6597280044407439,1.0,1.0,1,0.5001436423794416,3
46109,credit,12009,0,11424,2001-03-25,2003-10-04,0.79,0.7944768248681655,1.0,1.0,1,0.9660544771565903,1
46109,credit,559,1,10599,2008-02-15,2009-11-25,4.15,0.0,1.0,1.0,0,-1.7809481274769587,1
49545,other,13010,1,11345,2009-12-13,2011-08-30,1.94,0.8639328337496531,1.0,1.0,1,1.2062072812821958,3
49545,cash,3851,1,11033,2011-04-27,2014-01-07,0.81,0.22842076047738,1.0,1.0,0,-0.991154889533409,0
49545,other,8419,1,11054,2006-10-24,2009-07-05,0.83,0.5453788509575355,1.0,1.0,1,0.10476719762519812,3
49545,home,11799,0,11030,2001-04-24,2003-11-08,6.52,0.7799056341937275,1.0,1.0,1,0.9156727699973725,2
49545,cash,10422,1,10709,2008-11-04,2010-09-14,0.05,0.68436025534277,1.0,1.0,1,0.5853127187676435,0
49545,home,14971,1,11247,2011-07-26,2013-12-15,0.15,1.0,1.0,1.0,1,1.6766764609927975,2
49545,other,4131,0,10939,2008-10-13,2010-02-26,4.07,0.24784901470996393,1.0,1.0,0,-0.9239792799877852,3
49545,credit,4458,1,10192,2013-02-11,2014-09-11,3.6,0.2705384401887317,1.0,1.0,0,-0.8455277645541458,1
49545,other,8172,1,11866,2002-02-06,2004-10-02,1.41,0.5282403552595061,1.0,1.0,1,0.04550871349030847,3
49545,cash,14946,1,11043,2002-06-28,2004-03-17,5.97,0.9982653344435194,1.0,1.0,1,1.6706786387119383,0
49545,home,13618,1,10691,2001-11-17,2003-05-19,2.63,0.906119900083264,1.0,1.0,1,1.3520743191526934,2
49545,home,7061,1,11514,2014-03-16,2015-12-30,4.23,0.45115181792950326,1.0,1.0,1,-0.22103450867107782,2
49545,other,9580,0,11403,2001-07-28,2003-03-15,1.64,0.6259367194004997,1.0,1.0,1,0.38330606434830294,3
49545,other,11434,0,10864,2001-09-22,2004-05-26,3.28,0.7545795170691092,1.0,1.0,1,0.828104564696827,3
49545,credit,10982,0,11573,2005-10-26,2007-06-30,5.44,0.7232167638079379,1.0,1.0,1,0.7196639378588913,1
49545,credit,11597,0,11234,2001-09-16,2003-07-13,4.38,0.7658895364973634,1.0,1.0,1,0.8672103659680295,1
49545,other,14074,1,11215,2013-04-23,2014-11-16,1.22,0.9377601998334723,1.0,1.0,1,1.4614745975555667,3
49545,home,10519,1,10425,2001-09-27,2004-03-04,1.14,0.6910907577019152,1.0,1.0,1,0.6085842692173774,2
49545,cash,14388,1,11914,2011-08-05,2013-05-17,3.92,0.9595475992228699,1.0,1.0,1,1.5368072454031592,0
49545,home,8354,1,10816,2000-03-08,2001-08-02,0.45,0.5408687205106856,1.0,1.0,1,0.08917285969496401,2
41480,home,3812,0,11861,2005-06-18,2007-10-19,1.01,0.22571468220927007,1.0,1.0,0,-1.0005114922915495,2
41480,credit,2947,1,10302,2005-11-10,2008-03-16,10.49,0.16569525395503748,1.0,1.0,0,-1.2080361432092805,1
41480,other,3332,0,10313,2012-09-28,2014-09-21,0.88,0.19240910352484042,1.0,1.0,0,-1.1156696800840475,3
41480,cash,3952,0,10840,2008-12-24,2010-08-21,0.36,0.23542880932556207,1.0,1.0,0,-0.9669236875187376,0
41480,home,14290,0,10888,2003-11-01,2006-04-29,3.76,0.9527477102414655,1.0,1.0,1,1.5132957820621908,2
41480,cash,12581,1,11461,2009-10-29,2011-07-08,1.94,0.8341659728004441,1.0,1.0,1,1.1032846509426506,0
41480,other,10967,1,11022,2013-12-28,2016-04-28,2.52,0.7221759644740495,1.0,1.0,1,0.7160652444903757,3
41480,credit,8624,1,11277,2011-11-09,2013-12-05,1.18,0.5596031085206773,1.0,1.0,1,0.1539493403282442,1
41480,home,14399,1,11328,2005-06-09,2007-11-16,1.21,0.9603108520677215,1.0,1.0,1,1.5394462872067374,2
41480,other,4922,1,10251,2005-09-19,2007-05-19,5.79,0.30273383291701367,1.0,1.0,0,-0.7342081830213976,3
41480,cash,6903,0,11487,2006-01-16,2008-08-08,0.9,0.4401887316125452,1.0,1.0,1,-0.25894074548610846,0
41480,other,4491,1,10511,2002-06-08,2004-08-09,2.82,0.2728281987232862,1.0,1.0,0,-0.8376106391434115,3
41480,home,9766,0,10567,2008-06-03,2010-01-08,9.08,0.6388426311407162,1.0,1.0,1,0.42792986211789596,2
41480,credit,9302,0,11466,2000-07-06,2002-02-11,1.7,0.6066472384124342,1.0,1.0,1,0.3166102805851478,1
41480,home,921,1,10292,2000-05-22,2003-01-13,2.58,0.025117957257840696,1.0,1.0,0,-1.6940996608501164,2
41480,home,11154,1,10991,2014-08-29,2016-06-11,6.48,0.7351512628365252,1.0,1.0,1,0.7609289551512031,2
41480,home,12934,0,11878,2006-11-11,2008-10-30,1.5,0.8586594504579518,1.0,1.0,1,1.1879739015483837,2
41480,cash,11016,1,11890,2008-10-29,2011-01-26,1.07,0.7255759089647517,1.0,1.0,1,0.7278209761608598,0
41480,home,10773,0,10755,2003-09-16,2005-08-14,6.51,0.7087149597557592,1.0,1.0,1,0.6695221435909077,2
41480,credit,811,0,11430,2009-08-02,2012-01-04,0.43,0.01748542880932557,1.0,1.0,0,-1.7204900788858972,1
46180,home,3022,0,11204,2003-11-22,2005-05-18,8.39,0.1708992506244796,1.0,1.0,0,-1.1900426763667027,2
46180,credit,9282,1,10664,2008-03-03,2010-05-16,3.16,0.6052595059672496,1.0,1.0,1,0.3118120227604604,1
46180,cash,14007,1,10416,2003-12-05,2005-05-14,3.95,0.9331112961421039,1.0,1.0,1,1.4454004338428639,0
46180,cash,5943,0,11317,2011-10-18,2013-11-03,6.86,0.3735775742436859,1.0,1.0,1,-0.4892571210711047,0
46180,other,3834,0,10887,2014-05-03,2016-02-24,1.38,0.2272411878989731,1.0,1.0,0,-0.9952334086843934,3
46180,other,7020,0,11553,2000-11-07,2003-04-13,4.47,0.4483069664168749,1.0,1.0,1,-0.23087093721168703,3
46180,credit,9216,1,11837,2002-06-17,2004-11-14,3.2,0.6006799888981406,1.0,1.0,1,0.2959777719389919,1
46180,cash,6985,1,11555,2004-02-04,2005-10-10,0.57,0.4458784346378019,1.0,1.0,1,-0.23926788840489002,0
46180,home,14081,0,11026,2013-11-02,2016-05-04,3.05,0.9382459061892868,1.0,1.0,1,1.4631539877942072,2
46180,other,8643,0,10379,2000-11-03,2003-03-31,1.29,0.5609214543436026,1.0,1.0,1,0.15850768526169726,3
46180,other,12325,1,11816,2014-03-11,2016-07-16,6.13,0.8164029975020817,1.0,1.0,1,1.0418669507866516,3
46180,other,11679,0,10810,2014-04-15,2016-07-27,2.34,0.7715792395226201,1.0,1.0,1,0.8868832230492479,3
46180,cash,2628,1,10038,2000-06-18,2002-04-06,3.14,0.1435609214543436,1.0,1.0,0,-1.284568355513045,0
46180,home,11761,1,11990,2005-11-13,2007-07-13,0.89,0.7772689425478768,1.0,1.0,1,0.9065560801304663,2
46180,other,6512,1,10687,2010-11-06,2012-05-10,9.26,0.41305856230918686,1.0,1.0,1,-0.35274668595874753,3
46180,cash,8320,0,10670,2005-08-24,2008-05-16,5.51,0.5385095753538719,1.0,1.0,1,0.08101582139299539,0
46180,home,1607,0,11112,2003-02-28,2005-05-01,2.23,0.0727171801276714,1.0,1.0,0,-1.5295194174633377,2
46180,credit,5362,0,10237,2013-01-07,2014-05-23,2.48,0.3332639467110742,1.0,1.0,1,-0.6286465108782743,1
46180,credit,2569,1,11672,2013-03-02,2015-03-05,0.87,0.13946711074104914,1.0,1.0,0,-1.2987232160958728,1
46180,credit,9221,1,10893,2002-07-20,2004-02-14,0.88,0.6010269220094366,1.0,1.0,1,0.29717733639516375,1
25707,other,12048,0,11987,2010-10-20,2013-02-04,0.33,0.7971829031362754,1.0,1.0,1,0.9754110799147309,3
25707,credit,11403,0,11649,2006-01-19,2007-09-15,5.47,0.7524285317790731,1.0,1.0,1,0.8206672650685615,1
25707,other,2477,1,10009,2009-05-25,2011-02-17,1.82,0.13308354149320012,1.0,1.0,0,-1.320795202089435,3
25707,home,2203,0,10363,2014-02-11,2015-08-20,7.4,0.11407160699417154,1.0,1.0,0,-1.3865313342876526,2
25707,other,10422,0,11126,2013-01-27,2015-02-01,9.44,0.68436025534277,1.0,1.0,1,0.5853127187676435,3
25707,credit,5200,1,10205,2010-02-27,2012-07-08,5.72,0.32202331390507916,1.0,1.0,1,-0.6675123992582425,1
25707,other,9942,1,10438,2009-03-26,2010-10-22,2.39,0.6510546766583404,1.0,1.0,1,0.4701545309751453,3
25707,credit,8267,0,10104,2010-08-02,2012-05-21,3.18,0.5348320843741328,1.0,1.0,1,0.06830043815757372,1
25707,cash,13913,0,11211,2011-11-24,2014-04-14,0.57,0.9265889536497365,1.0,1.0,1,1.4228486220668328,0
25707,cash,1212,1,10611,2010-08-17,2013-04-01,1.68,0.04530946433527617,1.0,1.0,0,-1.6242850095009143,0
25707,home,4025,1,10660,2005-05-09,2007-08-26,0.85,0.24049403275048573,1.0,1.0,0,-0.9494100464586285,2
25707,credit,2735,0,11528,2006-01-20,2007-08-26,1.37,0.15098529003608105,1.0,1.0,0,-1.2588976761509671,1
25707,cash,12623,1,11790,2004-09-15,2007-01-23,4.09,0.8370802109353318,1.0,1.0,1,1.1133609923744943,0
25707,credit,9905,1,11505,2004-05-12,2006-08-17,0.9,0.6484873716347489,1.0,1.0,1,0.46127775399947357,1
25707,home,5265,0,11884,2011-06-21,2013-03-18,4.37,0.326533444351929,1.0,1.0,1,-0.6519180613280083,2
25707,credit,10636,0,10562,2000-12-29,2003-05-24,4.59,0.6992089925062449,1.0,1.0,1,0.6366540774917988,1
25707,other,11467,1,11499,2011-10-27,2014-01-09,4.56,0.7568692756036637,1.0,1.0,1,0.8360216901075612,3
25707,cash,5467,0,10244,2006-12-28,2008-08-05,1.58,0.34054954204829313,1.0,1.0,1,-0.6034556572986653,0
25707,home,13698,0,10958,2003-09-02,2006-05-23,3.21,0.9116708298640023,1.0,1.0,1,1.3712673504514432,2
25707,credit,6371,0,11942,2011-01-15,2013-02-21,6.02,0.4032750485706356,1.0,1.0,1,-0.3865744036227939,1
39505,home,13006,1,11390,2014-01-24,2015-11-05,5.0,0.8636552872606162,1.0,1.0,1,1.2052476297172583,2
39505,cash,9600,0,10966,2014-06-27,2017-02-15,0.25,0.6273244518456842,1.0,1.0,1,0.3881043221729904,0
39505,cash,4108,0,11411,2012-12-22,2015-01-17,8.34,0.2462531223980017,1.0,1.0,0,-0.9294972764861756,0
39505,cash,11647,1,11928,2003-07-28,2005-12-24,9.91,0.7693588676103248,1.0,1.0,1,0.879206010529748,0
39505,other,14575,1,11650,2006-06-22,2008-09-04,0.7,0.9725228975853456,1.0,1.0,1,1.5816709560639866,3
39505,home,12596,0,10861,2006-04-26,2008-01-05,0.6,0.8352067721343326,1.0,1.0,1,1.106883344311166,2
39505,home,2274,1,11140,2000-01-26,2002-01-29,1.0,0.11899805717457676,1.0,1.0,0,-1.3694975190100123,2
39505,other,6484,1,10407,2011-02-14,2012-12-07,1.14,0.41111573688592845,1.0,1.0,1,-0.3594642469133099,3
39505,cash,1918,0,11980,2005-05-23,2007-01-15,3.05,0.09429641965029142,1.0,1.0,0,-1.4549065082894483,0
39505,home,2865,0,10692,2012-08-02,2014-07-14,3.57,0.16000555092978075,1.0,1.0,0,-1.227709000290499,2
39505,credit,4463,0,11852,2007-01-07,2008-10-03,2.44,0.2708853733000278,1.0,1.0,0,-0.8443282000979739,1
39505,cash,3351,0,10763,2004-07-19,2006-04-14,0.65,0.19372744934776576,1.0,1.0,0,-1.1111113351505946,0
39505,credit,10436,0,10509,2007-06-15,2009-03-02,1.34,0.6853316680543992,1.0,1.0,1,0.5886714992449247,1
39505,home,3875,1,10770,2004-07-20,2006-11-21,4.25,0.23008603941160147,1.0,1.0,0,-0.9853969801437841,2
39505,credit,2778,1,10921,2012-10-23,2015-03-31,2.23,0.15396891479322788,1.0,1.0,0,-1.2485814218278892,1
39505,credit,13115,0,11079,2007-01-25,2009-03-01,4.95,0.8712184290868722,1.0,1.0,1,1.2313981348618048,1
39505,other,10333,0,11896,2004-03-04,2006-06-03,0.19,0.6781848459616987,1.0,1.0,1,0.5639604714477844,3
39505,credit,904,0,10188,2013-12-11,2015-05-05,1.62,0.023938384679433815,1.0,1.0,0,-1.6981781800011007,1
39505,cash,12991,1,10143,2004-08-28,2006-09-14,3.98,0.8626144879267278,1.0,1.0,1,1.2016489363487428,0
39505,credit,7162,1,11052,2004-07-29,2006-06-24,8.6,0.45815986677768533,1.0,1.0,1,-0.19680330665640633,1
32726,credit,9562,1,10045,2004-03-02,2005-08-29,4.45,0.6246877601998335,1.0,1.0,1,0.3789876323060843,1
32726,other,3576,1,11975,2009-08-15,2011-08-08,2.87,0.20933943935609217,1.0,1.0,0,-1.057130934622861,3
32726,other,11846,0,11695,2006-07-09,2008-08-28,2.78,0.7831668054399112,1.0,1.0,1,0.9269486758853879,3
32726,home,3540,0,10676,2004-01-06,2006-03-19,9.1,0.20684152095475994,1.0,1.0,0,-1.0657677987072984,2
32726,credit,9141,0,11488,2003-05-21,2004-11-24,2.06,0.5954759922286984,1.0,1.0,1,0.2779843050964141,1
32726,home,2830,1,11304,2001-10-17,2003-07-28,0.32,0.15757701915070776,1.0,1.0,0,-1.2361059514837018,2
32726,credit,11911,0,10383,2004-04-23,2006-04-29,4.2,0.7876769358867611,1.0,1.0,1,0.942543013815622,1
32726,other,5325,1,10858,2014-04-02,2016-10-30,2.83,0.3306966416874827,1.0,1.0,1,-0.6375232878539461,3
32726,home,5036,0,11031,2009-03-27,2010-09-24,2.7,0.3106439078545657,1.0,1.0,1,-0.7068581134206793,2
32726,cash,10671,1,11520,2002-03-02,2004-09-01,3.74,0.7016375242853179,1.0,1.0,1,0.6450510286850019,0
32726,other,2418,1,11338,2009-03-29,2011-10-28,0.97,0.12898973077990564,1.0,1.0,0,-1.3349500626722628,3
32726,credit,14522,0,10202,2005-06-23,2007-07-01,3.74,0.9688454066056066,1.0,1.0,1,1.568955572828565,1
32726,home,851,1,10326,2003-11-03,2005-07-03,0.66,0.0202608936996947,1.0,1.0,0,-1.7108935632365223,2
32726,other,5804,0,10424,2011-04-21,2013-04-16,4.14,0.36393283374965313,1.0,1.0,1,-0.5226050129526822,3
32726,other,1710,1,10522,2000-06-12,2002-05-08,0.31,0.07986400222037193,1.0,1.0,0,-1.5048083896661975,3
32726,home,3754,1,10049,2012-01-27,2013-09-15,3.31,0.2216902581182348,1.0,1.0,0,-1.014426439983143,2
32726,other,1234,0,11537,2007-09-05,2009-09-01,4.58,0.0468359700249792,1.0,1.0,0,-1.6190069258937583,3
32726,credit,7499,1,10285,2012-10-07,2015-03-12,2.72,0.4815431584790453,1.0,1.0,1,-0.11595266231042328,1
32726,cash,14802,1,10436,2011-11-16,2014-06-23,2.64,0.9882736608381905,1.0,1.0,1,1.6361311823741889,0
35089,other,773,1,11595,2014-09-26,2016-04-23,7.63,0.014848737163474887,1.0,1.0,0,-1.7296067687528032,3
35089,home,9175,1,11547,2003-04-02,2005-04-21,5.36,0.5978351373855122,1.0,1.0,1,0.28614134339838265,2
35089,home,13194,1,11221,2009-05-28,2011-04-01,4.3,0.8766999722453512,1.0,1.0,1,1.2503512532693202,2
35089,home,1543,0,11484,2013-02-21,2015-03-04,2.99,0.06827643630308078,1.0,1.0,0,-1.5448738425023376,2
35089,cash,10017,0,11561,2000-05-24,2002-06-15,1.89,0.6562586733277825,1.0,1.0,1,0.4881479978177231,0
35089,credit,8576,1,11283,2001-03-22,2002-12-15,5.96,0.5562725506522344,1.0,1.0,1,0.14243352154899439,1
35089,cash,5204,1,10087,2003-01-08,2004-10-28,2.66,0.3223008603941161,1.0,1.0,1,-0.666552747693305,0
35089,home,6263,1,10210,2011-12-01,2014-03-24,0.66,0.395781293366639,1.0,1.0,1,-0.41248499587610593,2
35089,cash,3703,0,11939,2005-07-23,2007-09-03,7.13,0.21815154038301418,1.0,1.0,0,-1.026661997436096,0
35089,other,2932,1,10107,2012-06-17,2014-08-13,3.6,0.16465445462114905,1.0,1.0,0,-1.211634836577796,3
35089,other,6048,1,10594,2012-06-17,2014-08-02,2.84,0.3808631695809049,1.0,1.0,1,-0.4640662674914957,3
35089,home,10947,0,11793,2000-09-08,2003-01-14,0.67,0.7207882320288649,1.0,1.0,1,0.7112669866656882,2
35089,credit,4489,0,11244,2009-09-06,2012-01-13,2.27,0.27268942547876773,1.0,1.0,0,-0.8380904649258802,1
35089,other,11854,0,11766,2012-05-22,2014-05-31,5.76,0.7837218984179851,1.0,1.0,1,0.9288679790152629,3
35089,other,12888,1,11287,2006-10-06,2008-08-29,1.16,0.8554676658340273,1.0,1.0,1,1.1769379085516025,3
35089,cash,2568,1,11418,2006-01-04,2008-06-15,1.76,0.1393977241187899,1.0,1.0,0,-1.298963128987107,0
35089,credit,6336,1,10106,2003-04-10,2004-09-29,4.99,0.40084651679156263,1.0,1.0,1,-0.3949713548159969,1
35089,credit,6462,1,11759,2010-04-10,2012-06-24,1.0,0.4095892311962254,1.0,1.0,1,-0.3647423305204661,1
35089,home,10080,0,10716,2002-04-25,2004-03-10,5.89,0.6606300305301139,1.0,1.0,1,0.5032625099654885,2
35089,credit,5732,0,11492,2006-03-04,2007-08-01,1.75,0.35893699694698866,1.0,1.0,1,-0.539878741121557,1
35214,cash,11873,1,10693,2011-06-27,2014-02-28,3.31,0.7850402442409105,1.0,1.0,1,0.9334263239487159,0
35214,other,14767,0,11539,2006-03-08,2007-12-24,1.58,0.9858451290591176,1.0,1.0,1,1.627734231180986,3
35214,cash,13309,0,11023,2007-06-09,2009-11-21,2.66,0.8846794338051625,1.0,1.0,1,1.2779412357612727,0
35214,home,11356,0,10275,2012-05-02,2014-06-06,0.9,0.7491673605328893,1.0,1.0,1,0.809391359180546,2
35214,home,5236,1,11587,2005-02-18,2006-08-31,0.86,0.3245212323064114,1.0,1.0,1,-0.658875535173805,2
35214,home,3743,0,11060,2000-04-21,2002-05-03,7.5,0.2209270052733833,1.0,1.0,0,-1.017065481786721,2
35214,credit,6352,0,11685,2003-04-03,2005-06-25,1.93,0.4019567027477103,1.0,1.0,1,-0.3911327485562469,1
35214,home,9389,0,10336,2014-03-18,2016-05-07,1.4,0.612683874548987,1.0,1.0,1,0.3374827021225381,2
35214,home,667,0,11731,2007-02-01,2009-04-06,5.11,0.0074937552039966715,1.0,1.0,0,-1.7550375352236467,2
35214,home,3852,0,11147,2005-09-20,2007-09-22,2.1,0.2284901470996392,1.0,1.0,0,-0.9909149766421746,2
35214,other,1887,1,10456,2011-07-09,2013-07-27,2.76,0.09214543436025535,1.0,1.0,0,-1.4623438079177138,3
35214,home,7738,0,10637,2003-04-09,2005-09-05,4.29,0.4981265611990009,1.0,1.0,1,-0.05861348130540859,2
35214,credit,7567,0,10017,2004-02-11,2005-07-02,4.66,0.48626144879267286,1.0,1.0,1,-0.09963858570648604,1
35214,home,6513,1,11594,2007-07-01,2008-12-18,8.44,0.41312794893144605,1.0,1.0,1,-0.35250677306751316,2
35214,credit,5250,1,11010,2004-04-25,2006-05-19,5.51,0.3254926450180406,1.0,1.0,1,-0.6555167546965238,1
35214,home,10800,1,11420,2013-07-06,2015-08-14,2.21,0.7105883985567584,1.0,1.0,1,0.6759997916542357,2
35214,other,4953,1,10908,2010-07-23,2012-05-02,0.16,0.3048848182070497,1.0,1.0,0,-0.7267708833931321,3
35214,cash,3872,1,10741,2002-02-27,2003-12-29,0.57,0.22987787954482378,1.0,1.0,0,-0.9861167188174872,0
48177,cash,809,0,10098,2000-06-09,2002-09-01,7.11,0.017346655564807106,1.0,1.0,0,-1.720969904668366,0
48177,credit,12216,0,10697,2007-05-07,2009-07-25,5.85,0.8088398556758258,1.0,1.0,1,1.0157164456421053,1
48177,other,7237,0,11850,2009-09-17,2011-03-08,6.0,0.46336386344712743,1.0,1.0,1,-0.1788098398138285,3
48177,cash,6521,0,11235,2014-07-12,2016-02-22,6.17,0.41368304190951993,1.0,1.0,1,-0.35058746993763823,0
48177,cash,12592,0,11683,2007-09-13,2009-10-22,1.23,0.8349292256452957,1.0,1.0,1,1.1059236927462288,0
48177,other,1383,0,11264,2009-08-08,2012-01-03,5.69,0.05717457674160422,1.0,1.0,0,-1.5832599050998368,3
48177,cash,14740,0,11261,2009-01-27,2010-12-06,1.25,0.9839716902581183,1.0,1.0,1,1.6212565831176577,0
48177,home,5818,1,10261,2014-08-26,2017-01-26,1.22,0.36490424646128233,1.0,1.0,1,-0.5192462324754011,2
48177,credit,659,1,10684,2014-10-05,2017-01-16,1.52,0.006938662225922848,1.0,1.0,0,-1.7569568383535215,1
48177,other,7813,1,10073,2012-05-10,2014-07-17,2.14,0.503330557868443,1.0,1.0,1,-0.040620014462830756,3
48177,cash,7907,0,11968,2014-04-17,2016-01-11,4.87,0.5098529003608105,1.0,1.0,1,-0.018068202686799872,0
48177,other,2797,1,11593,2001-07-18,2004-01-08,5.13,0.15528726061615322,1.0,1.0,0,-1.2440230768944363,3
48177,other,8703,1,10933,2002-10-25,2005-07-12,0.61,0.5650846516791563,1.0,1.0,1,0.17290245873575952,3
48177,cash,4112,1,10262,2006-10-07,2009-04-20,5.44,0.2465306688870386,1.0,1.0,0,-0.9285376249212381,0
48177,cash,11066,0,10271,2009-04-03,2010-10-08,1.41,0.7290452400777131,1.0,1.0,1,0.7398166207225784,0
48177,credit,10830,0,11177,2009-06-07,2011-10-17,4.98,0.7126699972245352,1.0,1.0,1,0.6831971783912668,1
48177,other,14006,1,11680,2009-10-27,2012-06-26,2.81,0.9330419095198447,1.0,1.0,1,1.4451605209516294,3
48177,home,5536,1,10956,2001-01-06,2002-06-19,0.52,0.3453372189841799,1.0,1.0,1,-0.5869016678034937,2
48177,other,6318,0,10224,2003-02-02,2005-05-08,10.89,0.39959755759089655,1.0,1.0,1,-0.39928978685821553,3
26326,other,10902,1,11559,2014-09-06,2016-11-14,6.73,0.7176658340271996,1.0,1.0,1,0.7004709065601415,3
26326,other,1164,0,11960,2014-08-02,2017-01-29,0.5,0.0419789064668332,1.0,1.0,0,-1.6358008282801642,3
26326,other,13264,1,10543,2011-07-09,2013-06-05,0.78,0.8815570358034972,1.0,1.0,1,1.267145155655726,3
26326,cash,8794,0,11024,2003-04-25,2005-07-20,1.63,0.5713988343047461,1.0,1.0,1,0.19473453183808728,0
26326,credit,5275,0,11072,2014-11-11,2016-07-17,1.45,0.3272273105745213,1.0,1.0,1,-0.6495189324156646,1
26326,credit,12377,0,10671,2010-04-10,2011-11-03,0.51,0.8200111018595616,1.0,1.0,1,1.054342421130839,1
26326,home,4856,1,11740,2009-03-10,2010-10-15,1.14,0.2981543158479046,1.0,1.0,0,-0.7500424338428661,2
26326,other,10261,1,11386,2013-05-17,2015-10-07,0.74,0.6731890091590342,1.0,1.0,1,0.5466867432789096,3
26326,credit,13464,0,11655,2001-10-06,2004-03-25,2.13,0.8954343602553428,1.0,1.0,1,1.3151277339026004,1
26326,home,12760,0,11708,2003-12-11,2006-04-13,5.43,0.846586178184846,1.0,1.0,1,1.146229058473603,2
26326,home,3083,1,11706,2011-04-05,2012-10-10,6.61,0.17513183458229253,1.0,1.0,0,-1.175407990001406,2
26326,cash,6147,1,10491,2003-06-01,2005-07-15,3.24,0.38773244518456845,1.0,1.0,1,-0.440314891259293,0
26326,home,2847,1,11251,2000-03-06,2001-09-26,1.32,0.15875659172911463,1.0,1.0,0,-1.2320274323327176,2
26326,other,1411,0,10729,2009-01-07,2011-02-24,2.98,0.059117402164862616,1.0,1.0,0,-1.5765423441452746,3
26326,home,3597,1,11988,2001-04-14,2003-03-06,2.74,0.21079655842353595,1.0,1.0,0,-1.0520927639069393,2
26326,other,6119,0,11513,2005-11-15,2007-06-06,2.35,0.3857896197613101,1.0,1.0,1,-0.4470324522138554,3
42320,home,8090,0,10156,2012-09-22,2015-04-17,3.18,0.5225506522342493,1.0,1.0,1,0.025835856409090037,2
42320,cash,13643,1,10728,2002-08-04,2004-05-10,1.3,0.9078545656397448,1.0,1.0,1,1.3580721414335528,0
42320,home,5784,1,10909,2005-06-22,2007-06-19,1.97,0.36254510130446854,1.0,1.0,1,-0.5274032707773697,2
42320,cash,5974,0,11538,2006-01-19,2008-04-29,2.51,0.375728559533722,1.0,1.0,1,-0.4818198214428392,0
42320,credit,8517,1,10624,2000-12-02,2002-11-06,0.64,0.5521787399389398,1.0,1.0,1,0.1282786609661665,1
42320,cash,3241,0,11882,2001-12-13,2004-01-12,0.69,0.18609492089925064,1.0,1.0,0,-1.1375017531863754,0
42320,other,8367,1,11812,2007-08-24,2009-06-16,6.74,0.5417707466000555,1.0,1.0,1,0.09229172728101083,3
42320,cash,7906,0,11733,2006-02-12,2007-09-17,3.68,0.5097835137385512,1.0,1.0,1,-0.018308115578034242,0
42320,home,12090,1,11443,2010-03-07,2011-09-12,1.28,0.800097141271163,1.0,1.0,1,0.9854874213465744,2
42320,other,9498,0,11770,2003-07-24,2006-01-23,2.26,0.6202470163752429,1.0,1.0,1,0.36363320726708454,3
42320,home,2877,1,10603,2004-10-27,2007-06-13,0.76,0.16083819039689148,1.0,1.0,0,-1.2248300455956864,2
42320,home,1136,0,11574,2012-04-08,2014-04-23,5.57,0.040036081043574805,1.0,1.0,0,-1.6425183892347266,2
42320,cash,13887,1,11035,2005-06-22,2007-09-06,4.95,0.9247849014709965,1.0,1.0,1,1.4166108868947394,0
42320,home,3851,1,11208,2002-12-13,2004-10-01,0.38,0.22842076047738,1.0,1.0,0,-0.991154889533409,2
42320,credit,1070,1,10769,2011-11-13,2014-02-19,0.95,0.035456563974465734,1.0,1.0,0,-1.658352640056195,1
32961,credit,2275,0,11448,2002-10-12,2004-06-29,9.14,0.11906744379683598,1.0,1.0,0,-1.3692576061187778,1
32961,home,14257,1,11372,2010-05-25,2012-10-07,0.34,0.950457951706911,1.0,1.0,1,1.5053786566514566,2
32961,home,9237,0,10850,2011-11-25,2014-07-27,0.01,0.6021371079655843,1.0,1.0,1,0.30101594265491366,2
32961,cash,2630,0,10906,2012-04-21,2014-06-14,3.98,0.14369969469886207,1.0,1.0,0,-1.2840885297305762,0
32961,home,4964,0,11631,2004-08-22,2006-06-02,4.17,0.3056480710519012,1.0,1.0,0,-0.724131841589554,2
32961,cash,1732,0,10426,2010-06-06,2012-04-20,1.84,0.08139050791007496,1.0,1.0,0,-1.4995303060590415,0
32961,credit,13783,1,10239,2013-07-05,2014-12-03,0.59,0.9175686927560367,1.0,1.0,1,1.3916599462063646,1
32961,credit,6000,0,10552,2004-12-28,2007-09-16,6.38,0.3775326117124619,1.0,1.0,1,-0.47558208627074555,1
32961,credit,12553,1,11113,2001-09-08,2003-06-15,2.98,0.8322231473771858,1.0,1.0,1,1.0965670899880882,1
32961,other,2380,1,10918,2007-01-06,2008-08-29,6.92,0.12635303913405496,1.0,1.0,0,-1.344066752539169,3
32961,home,14784,1,10945,2006-03-14,2007-10-18,5.01,0.9870247016375243,1.0,1.0,1,1.6318127503319702,2
32961,other,13674,0,11932,2013-11-24,2016-08-08,2.15,0.9100055509297809,1.0,1.0,1,1.3655094410618183,3
32961,cash,11901,1,11915,2003-06-21,2005-09-04,8.74,0.7869830696641689,1.0,1.0,1,0.9401438849032783,0
32961,other,4239,1,10802,2003-11-08,2006-04-30,3.93,0.25534276991396065,1.0,1.0,0,-0.898068687734473,3
32961,cash,1693,1,11669,2014-05-06,2017-01-19,1.46,0.07868442964196504,1.0,1.0,0,-1.508886908817182,0
32961,cash,7294,0,10040,2001-12-19,2004-01-20,4.74,0.46731890091590345,1.0,1.0,1,-0.16513480501346936,0
32961,credit,10602,1,11427,2008-06-05,2009-12-19,4.44,0.6968498473494311,1.0,1.0,1,0.6284970391898302,1
29841,home,2778,1,11093,2005-03-21,2007-11-06,0.26,0.15396891479322788,1.0,1.0,0,-1.2485814218278892,2
29841,other,8223,1,10617,2013-03-23,2015-02-14,2.19,0.5317790729947267,1.0,1.0,1,0.05774427094326139,3
29841,home,13862,0,11730,2013-03-12,2015-12-01,6.11,0.9230502359145157,1.0,1.0,1,1.41061306461388,2
29841,home,13683,0,10851,2009-09-16,2011-03-15,4.07,0.9106300305301139,1.0,1.0,1,1.3676686570829275,2
29841,home,4241,0,10589,2006-01-20,2008-07-17,2.6,0.2554815431584791,1.0,1.0,0,-0.8975888619520043,2
29841,credit,14623,1,11827,2004-12-01,2007-04-08,6.42,0.9758534554537887,1.0,1.0,1,1.5931867748432365,1
29841,credit,6012,0,11965,2000-03-25,2002-07-10,4.63,0.37836525117957265,1.0,1.0,1,-0.4727031315759331,1
29841,credit,10499,1,11947,2011-10-16,2014-05-05,1.3,0.6897030252567306,1.0,1.0,1,0.6037860113926901,1
29841,home,14703,0,10116,2013-04-01,2015-05-15,1.19,0.981404385234527,1.0,1.0,1,1.612379806141986,2
29841,other,9115,0,10144,2001-10-22,2004-05-16,3.96,0.5936719400499585,1.0,1.0,1,0.2717465699243204,3
29841,cash,4718,0,11175,2014-03-08,2015-09-13,2.74,0.28857896197613103,1.0,1.0,0,-0.7831504128332093,0
29841,cash,14837,1,11927,2010-09-18,2012-12-22,0.32,0.9907021926172636,1.0,1.0,1,1.6445281335673918,0
29841,other,13164,1,11716,2010-08-28,2012-02-19,1.14,0.8746183735775743,1.0,1.0,1,1.243153866532289,3
29841,home,7223,1,11188,2014-06-06,2016-02-24,5.09,0.4623924507354983,1.0,1.0,1,-0.1821686202911097,2
29841,credit,14721,0,11045,2005-02-09,2007-06-09,6.76,0.9826533444351929,1.0,1.0,1,1.6166982381842048,1
29841,credit,10537,1,10157,2010-08-04,2013-03-11,3.43,0.6923397169025812,1.0,1.0,1,0.6129027012595961,1
29841,cash,4301,1,10742,2005-01-15,2007-07-18,3.68,0.2596447404940328,1.0,1.0,0,-0.883194088477942,0
29841,cash,9394,1,11617,2011-04-25,2013-04-02,6.12,0.6130308076602832,1.0,1.0,1,0.3386822665787099,0
44601,home,4475,1,10362,2005-07-29,2007-07-06,6.58,0.27171801276713853,1.0,1.0,0,-0.8414492454031615,2
44601,credit,7005,1,10988,2011-02-07,2013-03-31,9.22,0.44726616708298644,1.0,1.0,1,-0.2344696305802026,1
44601,cash,6636,1,11246,2009-12-07,2011-12-31,2.83,0.42166250346933115,1.0,1.0,1,-0.3229974874456855,0
44601,home,8635,1,10700,2004-03-08,2006-10-07,4.97,0.5603663613655288,1.0,1.0,1,0.15658838213182227,2
44601,credit,5478,1,10355,2013-09-28,2016-01-11,3.61,0.34131279489314464,1.0,1.0,1,-0.6008166154950872,1
44601,credit,14104,1,10277,2011-01-12,2012-12-22,3.79,0.939841798501249,1.0,1.0,1,1.4686719842925977,1
44601,credit,10120,0,10177,2001-11-03,2004-02-13,2.42,0.663405495420483,1.0,1.0,1,0.5128590256148634,1
44601,cash,2003,1,11173,2008-09-13,2011-03-05,1.25,0.10019428254232585,1.0,1.0,0,-1.4345139125345268,0
44601,cash,9532,0,10694,2006-10-17,2008-06-06,0.07,0.6226061615320567,1.0,1.0,1,0.37179024556905316,0
44601,other,5085,0,11363,2002-04-13,2004-03-18,2.97,0.3140438523452679,1.0,1.0,1,-0.6951023817501951,3
44601,other,6129,1,10289,2013-10-07,2015-05-11,2.76,0.38648348598390236,1.0,1.0,1,-0.4446333233015117,3
44601,credit,7232,1,10475,2005-08-19,2007-12-07,3.59,0.46301693033583136,1.0,1.0,1,-0.18000940427000037,1
44601,home,6821,1,11826,2013-07-07,2016-03-29,4.05,0.43449902858728845,1.0,1.0,1,-0.27861360256732687,2
44601,home,4930,0,10732,2003-02-15,2005-01-09,3.28,0.3032889258950875,1.0,1.0,0,-0.7322888798915226,2
44601,cash,1221,1,10798,2009-04-13,2011-05-04,5.52,0.04593394393560923,1.0,1.0,0,-1.622125793479805,0
44601,home,12571,1,10429,2003-04-15,2005-07-05,6.57,0.8334721065778519,1.0,1.0,1,1.1008855220303069,2
44601,home,3376,0,10724,2006-09-20,2008-11-12,0.29,0.19546211490424648,1.0,1.0,0,-1.1051135128697354,2
44601,home,11175,1,10721,2010-07-14,2012-11-06,7.14,0.736608381903969,1.0,1.0,1,0.7659671258671249,2
44601,credit,4625,1,11623,2008-08-04,2010-03-04,5.28,0.2821260061060228,1.0,1.0,0,-0.8054623117180058,1
44601,other,6232,1,11183,2003-10-17,2006-04-04,6.83,0.3936303080766029,1.0,1.0,1,-0.41992229550437143,3
32885,home,4379,0,10163,2013-09-13,2015-06-23,3.08,0.2650568970302526,1.0,1.0,0,-0.8644808829616611,2
32885,cash,11050,1,10919,2009-12-18,2011-06-27,3.49,0.7279350541215655,1.0,1.0,1,0.7359780144628285,0
32885,cash,12291,1,10198,2012-03-28,2014-08-14,1.16,0.8140438523452679,1.0,1.0,1,1.033709912484683,0
32885,cash,9646,0,10300,2007-12-13,2009-07-12,0.47,0.6305162364696087,1.0,1.0,1,0.39914031516977144,0
32885,home,11649,1,11610,2010-09-07,2012-05-12,0.64,0.7694976408548433,1.0,1.0,1,0.8796858363122168,2
32885,other,4949,1,10891,2010-07-02,2012-12-26,1.48,0.30460727171801283,1.0,1.0,0,-0.7277305349580696,3
32885,other,11142,1,11320,2009-05-29,2010-11-06,0.29,0.7343186233694144,1.0,1.0,1,0.7580500004563906,3
32885,cash,10305,0,10240,2007-06-21,2009-01-25,0.1,0.6762420205384403,1.0,1.0,1,0.557242910493222,0
32885,other,11886,0,11652,2014-05-14,2016-12-10,9.11,0.7859422703302804,1.0,1.0,1,0.9365451915347627,3
32885,credit,12408,0,10681,2008-07-28,2010-10-17,0.88,0.8221620871495977,1.0,1.0,1,1.0617797207591044,1
32885,cash,11538,1,11602,2007-03-11,2009-02-02,0.57,0.761795725784069,1.0,1.0,1,0.8530555053852016,0
32885,home,3704,0,11128,2007-09-12,2009-02-15,0.17,0.21822092700527337,1.0,1.0,0,-1.0264220845448615,2
32885,home,14162,1,11333,2000-08-05,2002-06-01,7.21,0.9438662225922844,1.0,1.0,1,1.4825869319841913,2
32885,home,11783,0,10301,2000-08-10,2003-03-12,2.64,0.7787954482375798,1.0,1.0,1,0.9118341637376225,2
32885,credit,7914,1,11006,2008-12-16,2011-07-20,5.25,0.5103386067166251,1.0,1.0,1,-0.016388812448159273,1
49068,cash,4675,1,10024,2005-03-29,2007-09-26,2.77,0.2855953372189842,1.0,1.0,0,-0.7934666671562872,0
49068,home,2105,0,10075,2001-04-12,2003-12-23,2.91,0.10727171801276714,1.0,1.0,0,-1.410042797628621,2
49068,other,10082,1,10131,2014-10-10,2016-05-25,0.63,0.6607688037746323,1.0,1.0,1,0.5037423357479572,3
49068,credit,12085,1,11174,2012-03-11,2014-10-17,5.78,0.7997502081598669,1.0,1.0,1,0.9842878568904025,1
49068,cash,4226,1,11249,2007-12-03,2009-04-30,6.67,0.25444074382459064,1.0,1.0,0,-0.9011875553205199,0
49068,home,7056,1,11668,2007-01-03,2009-07-30,1.99,0.45080488481820713,1.0,1.0,1,-0.2222340731272497,2
49068,cash,6473,1,11546,2002-09-01,2004-10-23,5.18,0.41035248404107694,1.0,1.0,1,-0.362103288716888,0
49068,other,5155,1,11879,2001-06-14,2003-09-02,5.65,0.31890091590341385,1.0,1.0,1,-0.6783084793637891,3
49068,cash,9534,1,10502,2003-05-16,2005-01-16,3.17,0.6227449347765751,1.0,1.0,1,0.3722700713515219,0
49068,credit,6620,0,11953,2012-02-12,2014-06-19,0.05,0.4205523175131835,1.0,1.0,1,-0.3268360937054355,1
49068,cash,2106,0,11713,2007-03-22,2008-08-04,2.52,0.10734110463502639,1.0,1.0,0,-1.4098028847373867,0
49068,cash,1447,1,10386,2010-07-21,2012-11-03,0.39,0.06161532056619485,1.0,1.0,0,-1.5679054800608372,0
49068,cash,13910,1,10532,2006-07-12,2007-12-04,2.53,0.9263807937829588,1.0,1.0,1,1.4221288833931298,0
49068,other,13789,1,10470,2011-05-29,2013-09-08,2.03,0.9179850124895921,1.0,1.0,1,1.3930994235537708,3
49068,other,5765,1,10282,2005-06-03,2007-11-02,6.78,0.3612267554815432,1.0,1.0,1,-0.5319616157108228,3
49068,cash,6885,0,10706,2012-09-24,2014-06-03,2.57,0.43893977241187904,1.0,1.0,1,-0.2632591775283271,0
49068,home,13338,0,10060,2012-07-02,2014-12-14,0.02,0.88669164585068,1.0,1.0,1,1.2848987096070696,2
49068,cash,11871,1,11154,2011-10-15,2013-11-07,4.08,0.784901470996392,1.0,1.0,1,0.9329464981662472,0
44387,home,14900,0,11614,2011-01-04,2013-02-05,4.75,0.995073549819595,1.0,1.0,1,1.6596426457151572,2
44387,cash,5508,0,11367,2011-01-07,2012-08-29,0.8,0.3433943935609215,1.0,1.0,1,-0.5936192287580562,0
44387,home,2623,1,11876,2003-06-23,2005-06-29,3.62,0.14321398834304747,1.0,1.0,0,-1.2857679199692167,2
44387,home,12465,0,10682,2005-03-03,2007-06-01,2.91,0.8261171246183737,1.0,1.0,1,1.0754547555594636,2
44387,home,8770,1,11588,2005-05-29,2007-07-15,4.19,0.5697335553705246,1.0,1.0,1,0.1889766224484624,2
44387,home,12312,1,11681,2014-02-26,2015-10-03,2.96,0.8155009714127117,1.0,1.0,1,1.0387480832006049,2
44387,cash,2559,0,10690,2014-02-24,2016-06-11,3.27,0.13877324451845685,1.0,1.0,0,-1.3011223450082166,0
44387,cash,9893,1,10327,2007-02-27,2009-03-26,5.97,0.6476547321676381,1.0,1.0,1,0.4583987993046611,0
44387,credit,3017,1,10222,2005-07-02,2007-12-01,0.03,0.17055231751318348,1.0,1.0,0,-1.1912422408228744,1
44387,cash,12799,1,11674,2001-10-04,2003-02-24,1.17,0.8492922564529559,1.0,1.0,1,1.1555856612317434,0
44387,credit,7279,1,10109,2014-03-20,2016-06-18,4.1,0.4662781015820151,1.0,1.0,1,-0.16873349838198493,1
44387,cash,6858,1,11475,2006-12-03,2009-03-19,0.94,0.4370663336108799,1.0,1.0,1,-0.2697368255916551,0
44387,other,6562,1,10862,2002-12-22,2005-01-18,0.89,0.4165278934221483,1.0,1.0,1,-0.340751041397029,3
44387,home,4506,0,11315,2002-08-15,2004-10-04,1.91,0.27386899805717463,1.0,1.0,0,-0.834011945774896,2
44387,cash,765,0,10080,2000-07-05,2003-03-28,4.59,0.014293644185401057,1.0,1.0,0,-1.7315260718826782,0
39384,home,10779,0,11441,2007-10-28,2010-04-29,5.74,0.7091312794893145,1.0,1.0,1,0.6709616209383139,2
39384,credit,8506,1,11498,2009-03-25,2011-10-12,9.23,0.5514154870940884,1.0,1.0,1,0.12563961916258842,1
39384,cash,5263,1,11273,2013-09-22,2015-10-04,0.6,0.32639467110741055,1.0,1.0,1,-0.6523978871104771,0
39384,credit,9582,1,11067,2008-05-29,2010-01-13,2.17,0.6260754926450182,1.0,1.0,1,0.3837858901307717,1
39384,credit,1770,1,10868,2013-08-03,2016-04-28,2.64,0.08402719955592564,1.0,1.0,0,-1.4904136161921353,1
39384,credit,2166,1,10274,2012-02-27,2013-08-30,1.56,0.11150430197058009,1.0,1.0,0,-1.3954081112633243,1
39384,other,2925,0,10827,2005-12-29,2008-01-07,2.98,0.16416874826533445,1.0,1.0,0,-1.2133142268164367,3
39384,cash,3557,0,11100,2014-04-21,2016-12-29,4.16,0.20802109353316683,1.0,1.0,0,-1.0616892795563142,0
39384,other,14654,0,11735,2014-07-21,2016-03-13,2.26,0.9780044407438248,1.0,1.0,1,1.600624074471502,3
39384,cash,8646,1,10538,2014-03-10,2016-11-27,1.84,0.5611296142103803,1.0,1.0,1,0.15922742393540038,0
39384,cash,10022,1,10872,2005-11-20,2007-08-20,5.54,0.6566056064390786,1.0,1.0,1,0.489347562273895,0
39384,home,7241,1,11972,2009-03-28,2011-03-09,5.83,0.46364140993616443,1.0,1.0,1,-0.177850188248891,2
39384,credit,1825,1,11798,2013-08-19,2015-10-07,1.74,0.08784346378018318,1.0,1.0,0,-1.477218407174245,1
39384,home,9554,0,11787,2010-12-29,2013-06-16,0.43,0.6241326672217598,1.0,1.0,1,0.3770683291762093,2
39384,other,13131,1,10579,2012-08-12,2014-06-17,2.95,0.8723286150430198,1.0,1.0,1,1.2352367411215548,3
39384,cash,10758,0,11238,2009-09-26,2011-11-05,1.24,0.7076741604218707,1.0,1.0,1,0.6659234502223921,0
39384,cash,11728,0,11700,2007-04-20,2009-11-09,5.78,0.7749791840133223,1.0,1.0,1,0.8986389547197321,0
39384,credit,6634,1,11336,2007-04-18,2008-10-24,1.53,0.4215237302248127,1.0,1.0,1,-0.32347731322815426,1
39384,credit,10703,1,11038,2002-05-29,2004-05-16,9.01,0.7038578961976132,1.0,1.0,1,0.6527282412045017,1
26695,credit,2389,0,10197,2010-09-03,2013-01-09,3.81,0.126977518734388,1.0,1.0,0,-1.3419075365180595,1
26695,home,3504,0,11276,2001-09-29,2003-10-28,0.22,0.2043436025534277,1.0,1.0,0,-1.0744046627917359,2
26695,home,9808,1,10806,2000-07-27,2003-04-18,1.23,0.6417568692756037,1.0,1.0,1,0.43800620354973957,2
26695,cash,9606,1,11853,2003-11-04,2005-04-29,1.86,0.6277407715792396,1.0,1.0,1,0.38954379952039664,0
26695,home,3915,1,10947,2008-12-08,2011-04-17,0.32,0.23286150430197058,1.0,1.0,0,-0.9758004644944093,2
26695,other,13918,1,10985,2014-10-03,2016-10-25,0.9,0.9269358867610326,1.0,1.0,1,1.4240481865230048,3
26695,other,8846,1,10683,2006-09-05,2009-05-02,2.89,0.575006938662226,1.0,1.0,1,0.2072100021822746,3
26695,home,11763,0,10048,2012-07-18,2014-12-27,3.45,0.7774077157923953,1.0,1.0,1,0.907035905912935,2
26695,other,10022,0,11848,2010-11-22,2013-06-14,2.85,0.6566056064390786,1.0,1.0,1,0.489347562273895,3
26695,home,10378,0,11481,2008-08-26,2010-05-12,2.38,0.681307243963364,1.0,1.0,1,0.574756551553331,2
26695,home,13269,0,11830,2004-04-29,2006-03-14,4.79,0.8819039689147933,1.0,1.0,1,1.268344720111898,2
26695,cash,2650,0,10612,2004-10-29,2007-02-20,1.99,0.14508742714404663,1.0,1.0,0,-1.2792902719058887,0
26695,cash,3660,0,10341,2011-12-19,2013-11-21,2.55,0.21516791562586737,1.0,1.0,0,-1.036978251759174,0
26695,cash,14865,0,11604,2009-04-09,2011-09-18,2.54,0.9926450180405219,1.0,1.0,1,1.6512456945219542,0
26695,home,4698,0,11959,2003-03-19,2004-09-03,6.51,0.2871912295309465,1.0,1.0,0,-0.7879486706578968,2
26695,credit,3455,0,11728,2002-03-03,2004-07-29,2.34,0.20094365806272552,1.0,1.0,0,-1.08616039446222,1
26695,other,9323,1,10468,2002-10-22,2005-03-17,2.79,0.608104357479878,1.0,1.0,1,0.3216484513010696,3
26695,credit,4776,1,10305,2003-09-16,2005-09-20,0.97,0.2926033860671663,1.0,1.0,0,-0.7692354651416158,1
38537,cash,3418,0,11991,2005-02-02,2006-10-10,0.63,0.19837635303913406,1.0,1.0,0,-1.0950371714378917,0
38537,credit,9349,1,10427,2007-07-23,2009-07-24,3.33,0.6099084096586179,1.0,1.0,1,0.32788618647316325,1
38537,other,14639,0,11871,2012-08-19,2014-12-11,2.53,0.9769636414099362,1.0,1.0,1,1.5970253811029864,3
38537,other,14804,1,10953,2005-10-01,2007-07-19,0.66,0.9884124340827091,1.0,1.0,1,1.6366110081566576,3
38537,home,2525,0,10508,2003-05-29,2005-10-14,3.14,0.1364140993616431,1.0,1.0,0,-1.309279383310185,2
38537,credit,2396,1,10308,2002-04-13,2003-11-06,8.01,0.1274632250902026,1.0,1.0,0,-1.340228146279419,1
38537,cash,12551,0,10507,2011-08-11,2014-01-19,5.32,0.8320843741326673,1.0,1.0,1,1.0960872642056194,0
38537,cash,8797,1,11654,2014-03-14,2016-01-17,0.64,0.5716069941715238,1.0,1.0,1,0.1954542705117904,0
38537,other,14342,1,10032,2002-01-02,2003-10-14,1.29,0.9563558145989455,1.0,1.0,1,1.5257712524063782,3
38537,other,5776,1,10392,2012-10-27,2014-10-21,1.0,0.3619900083263947,1.0,1.0,1,-0.5293225739072447,3
38537,credit,2451,0,11331,2001-12-24,2004-03-06,0.35,0.13127948931446018,1.0,1.0,0,-1.3270329372615286,1
38537,home,14637,0,10115,2011-07-10,2013-11-01,4.79,0.9768248681654178,1.0,1.0,1,1.5965455553205177,2
38537,credit,9355,1,10408,2004-04-22,2006-02-13,1.64,0.6103247293921733,1.0,1.0,1,0.3293256638205695,1
38537,credit,4643,1,11825,2012-04-29,2013-10-15,0.37,0.28337496530668893,1.0,1.0,0,-0.8011438796757872,1
38537,other,9457,1,10276,2004-07-09,2006-06-01,2.37,0.6174021648626146,1.0,1.0,1,0.3537967787264753,3
38537,other,13130,0,10688,2013-07-12,2015-11-03,0.46,0.8722592284207605,1.0,1.0,1,1.2349968282303203,3
38537,credit,10498,1,11197,2007-05-16,2009-12-27,4.09,0.6896336386344714,1.0,1.0,1,0.6035460985014557,1
46958,cash,6596,1,10537,2005-08-25,2008-03-29,2.48,0.41888703857896203,1.0,1.0,1,-0.3325940030950604,0
46958,home,12139,0,10174,2001-02-19,2003-07-04,4.75,0.8034970857618652,1.0,1.0,1,0.9972431530170586,2
46958,other,10377,0,11278,2008-04-10,2009-12-31,0.75,0.6812378573411048,1.0,1.0,1,0.5745166386620967,3
46958,other,9069,0,11226,2004-03-03,2006-04-12,5.8,0.5904801554260339,1.0,1.0,1,0.26071057692753935,3
46958,cash,2737,0,10655,2001-12-09,2004-04-01,6.17,0.15112406328059952,1.0,1.0,0,-1.2584178503684984,0
46958,credit,8308,0,10195,2014-08-12,2017-05-07,0.32,0.5376769358867611,1.0,1.0,1,0.07813686669818294,1
46958,home,9641,0,11361,2007-03-10,2009-03-02,1.88,0.6301693033583126,1.0,1.0,1,0.3979407507135996,2
46958,credit,2390,1,11206,2012-09-28,2015-01-16,3.03,0.12704690535664726,1.0,1.0,0,-1.3416676236268252,1
46958,other,12575,1,11355,2011-09-14,2013-12-21,4.79,0.8337496530668888,1.0,1.0,1,1.1018451735952444,3
46958,credit,13187,0,11618,2010-10-10,2013-06-22,1.96,0.8762142658895365,1.0,1.0,1,1.2486718630306795,1
46958,other,7372,0,10091,2000-07-13,2002-09-15,4.88,0.4727310574521233,1.0,1.0,1,-0.14642159949718841,3
46958,cash,12586,0,11615,2002-10-22,2004-05-20,2.25,0.8345129059117403,1.0,1.0,1,1.1044842153988226,0
46958,other,14942,0,10399,2005-01-09,2006-11-21,1.94,0.9979877879544824,1.0,1.0,1,1.6697189871470008,3
41472,other,986,1,11353,2013-07-28,2016-01-17,0.6,0.029628087704690546,1.0,1.0,0,-1.6785053229198823,3
41472,home,5095,0,11406,2010-04-16,2012-08-22,5.0,0.31473771856786015,1.0,1.0,1,-0.6927032528378514,2
41472,other,8597,0,10639,2005-06-27,2007-11-21,7.36,0.5577296697196781,1.0,1.0,1,0.1474716922649162,3
41472,home,1270,0,11855,2014-04-17,2015-10-28,9.82,0.049333888426311416,1.0,1.0,0,-1.6103700618093209,2
41472,cash,12571,1,11266,2004-09-20,2006-09-20,0.92,0.8334721065778519,1.0,1.0,1,1.1008855220303069,0
41472,cash,5758,0,11711,2003-02-04,2005-09-27,1.88,0.36074104912572863,1.0,1.0,1,-0.5336410059494634,0
41472,cash,7779,1,10094,2001-10-23,2004-02-13,9.22,0.5009714127116293,1.0,1.0,1,-0.04877705276479937,0
41472,home,13657,1,10166,2000-04-11,2001-09-08,5.68,0.9088259783513739,1.0,1.0,1,1.3614309219108338,2
41472,other,11222,1,10583,2011-08-27,2013-11-11,5.61,0.7398695531501528,1.0,1.0,1,0.7772430317551403,3
41472,cash,13082,0,11101,2002-07-12,2004-02-03,3.96,0.8689286705523176,1.0,1.0,1,1.2234810094510706,0
41472,cash,10122,0,11936,2014-08-06,2016-06-22,1.03,0.6635442686650015,1.0,1.0,1,0.5133388513973322,0
41472,other,6661,1,11148,2003-04-14,2005-08-05,1.12,0.42339716902581187,1.0,1.0,1,-0.31699966516482625,3
41472,other,11773,0,10364,2001-05-09,2003-12-30,6.19,0.7781015820149876,1.0,1.0,1,0.9094350348252788,3
41472,credit,1968,1,11438,2013-07-01,2015-05-23,0.7,0.09776575076325286,1.0,1.0,0,-1.4429108637277297,1
41472,credit,4078,0,11041,2011-09-18,2013-03-02,0.01,0.24417152373022485,1.0,1.0,0,-0.9366946632232068,1
41472,credit,5554,1,11792,2006-02-13,2008-08-16,4.6,0.346586178184846,1.0,1.0,1,-0.582583235761275,1
49624,credit,14679,1,11524,2006-04-03,2008-04-12,6.49,0.9797391063003055,1.0,1.0,1,1.6066218967523611,1
49624,other,2572,1,10578,2004-05-04,2005-12-16,2.28,0.1396752706078268,1.0,1.0,0,-1.2980034774221696,3
49624,cash,8621,0,10454,2014-07-26,2015-12-29,3.18,0.5593949486538996,1.0,1.0,1,0.15322960165454108,0
49624,cash,13221,1,11581,2003-05-07,2006-01-06,3.94,0.8785734110463503,1.0,1.0,1,1.2568289013326481,0
49624,credit,11219,1,11132,2013-08-12,2016-03-15,3.77,0.7396613932833751,1.0,1.0,1,0.7765232930814372,1
49624,cash,11943,0,11310,2002-10-26,2004-12-01,6.24,0.7898973077990564,1.0,1.0,1,0.9502202263351218,0
49624,other,2361,0,11002,2006-09-28,2008-07-22,4.24,0.12503469331112962,1.0,1.0,0,-1.348625097472622,3
49624,credit,9296,1,10714,2003-04-28,2005-05-04,3.44,0.6062309186788788,1.0,1.0,1,0.3151708032377416,1
49624,home,8133,1,10312,2009-03-14,2011-03-21,12.62,0.5255342769913961,1.0,1.0,1,0.036152110732167994,2
49624,credit,6050,0,11034,2011-03-24,2012-12-21,3.45,0.3810019428254233,1.0,1.0,1,-0.463586441709027,1
49624,other,13015,1,10233,2002-07-25,2005-03-26,0.32,0.8642797668609493,1.0,1.0,1,1.2074068457383678,3
49624,home,7876,1,11977,2005-05-15,2007-05-04,5.83,0.5077019150707744,1.0,1.0,1,-0.025505502315065376,2
49624,credit,2461,1,10185,2012-10-26,2015-05-30,4.12,0.13197335553705247,1.0,1.0,0,-1.3246338083491849,1
49624,other,14421,0,10826,2004-09-03,2006-01-31,0.01,0.9618373577574245,1.0,1.0,1,1.5447243708138934,3
49624,home,11750,0,10072,2003-10-17,2005-11-04,0.63,0.7765056897030254,1.0,1.0,1,0.9039170383268882,2
26945,credit,6010,0,10078,2005-03-06,2006-11-29,2.64,0.3782264779350542,1.0,1.0,1,-0.4731829573584018,1
26945,credit,8337,0,11580,2000-12-07,2002-05-01,1.23,0.5396891479322787,1.0,1.0,1,0.0850943405439797,1
26945,cash,9249,1,11482,2013-12-24,2016-05-11,2.86,0.602969747432695,1.0,1.0,1,0.30389489734972613,0
26945,other,8899,1,10079,2002-08-19,2005-02-24,3.98,0.5786844296419651,1.0,1.0,1,0.21992538541769627,3
26945,credit,1367,1,10439,2013-07-29,2016-01-12,3.51,0.05606439078545657,1.0,1.0,0,-1.5870985113595868,1
26945,cash,8685,1,10315,2007-11-08,2009-10-25,2.76,0.5638356924784902,1.0,1.0,1,0.16858402669354083,0
26945,credit,3510,0,10196,2002-07-14,2004-08-10,3.19,0.2047599222869831,1.0,1.0,0,-1.0729651854443296,1
26945,home,653,0,11230,2002-08-08,2004-05-01,2.95,0.006522342492367474,1.0,1.0,0,-1.7583963157009277,2
26945,other,13726,0,11442,2007-05-16,2010-01-12,1.2,0.9136136552872607,1.0,1.0,1,1.3779849114060054,3
26945,home,14593,1,10812,2009-10-16,2011-07-07,0.5,0.9737718567860117,1.0,1.0,1,1.5859893881062053,2
26945,other,12963,0,10330,2001-11-26,2004-06-11,2.46,0.8606716625034694,1.0,1.0,1,1.1949313753941804,3
26945,credit,1728,1,10248,2004-01-27,2005-06-21,5.27,0.08111296142103802,1.0,1.0,0,-1.500489957623979,1
26945,other,9329,0,10154,2001-12-17,2004-07-22,5.65,0.6085206772134333,1.0,1.0,1,0.3230879286484758,3
26945,home,4197,0,10333,2003-10-16,2005-07-10,4.5,0.25242853177907304,1.0,1.0,0,-0.9081450291663167,2
26945,home,3643,0,11434,2010-03-24,2011-12-22,0.13,0.21398834304746048,1.0,1.0,0,-1.0410567709101581,2
